{"stat.drop.minecraft.stone_pickaxe":1,"stat.drop.minecraft.mutton":4,"stat.useItem.spartanweaponry.rapier_stone":51,"stat.pickup.minecraft.bone":2,"stat.pickup.minecraft.wooden_slab":1,"stat.pickup.minecraft.stone_pressure_plate":2,"stat.horseOneCm":100036,"stat.leaveGame":2,"stat.mineBlock.minecraft.cobblestone":2,"stat.pickup.minecraft.stone_pickaxe":2,"stat.pickup.minecraft.flint":1,"stat.craftItem.notreepunching.grass_string":1,"stat.useItem.minecraft.mutton":1,"stat.swimOneCm":3681,"stat.climbOneCm":10295,"stat.drop.minecraft.cobblestone":8,"stat.pickup.minecraft.glowstone_dust":3,"stat.pickup.minecraft.porkchop":5,"stat.pickup.foodexpansion.itemhorsemeat":2,"stat.useItem.minecraft.dirt":23,"stat.useItem.minecraft.stone_slab2":10,"stat.drop.minecraft.iron_sword":2,"stat.pickup.minecraft.rotten_flesh":19,"stat.pickup.minecraft.sand":3,"stat.pickup.notreepunching.rock/sandstone":12,"stat.pickup.minecraft.bucket":1,"stat.pickup.minecraft.cobblestone":1,"stat.mineBlock.minecraft.wooden_slab":1,"stat.pickup.notreepunching.rock/marble":1,"stat.flyOneCm":225939,"stat.pickup.minecraft.nether_brick_stairs":1,"stat.drop.minecraft.wheat_seeds":2,"stat.useItem.minecraft.cooked_beef":2,"stat.craftItem.minecraft.wooden_hoe":1,"stat.pickup.quark.tallow":3,"stat.mineBlock.minecraft.iron_ore":4,"stat.timeSinceDeath":18296,"stat.pickup.spartanweaponry.rapier_stone":1,"stat.pickup.minecraft.mutton":6,"kobold.kill":1,"stat.useItem.notreepunching.knife/flint":4,"stat.pickup.rustic.wildberries":3,"stat.furnaceInteraction":3,"stat.drop.minecraft.dirt":1,"stat.pickup.minecraft.beef":11,"stat.useItem.minecraft.cooked_mutton":3,"stat.pickup.tombstone.crafting_ingredient":4,"aegis.kill":1,"stat.pickup.lycanitesmobs.spectralboltcharge":1,"stat.sprintOneCm":176932,"stat.useItem.rustic.wildberries":1,"stat.mineBlock.rustic.wildberry_bush":3,"stat.killEntity.Horse":1,"stat.pickup.tombstone.gift":1,"stat.useItem.carryon.tile_item":4,"stat.useItem.minecraft.wheat_seeds":11,"stat.pickup.minecraft.emerald":1,"nymph.kill":1,"stat.deaths":2,"stat.mineBlock.minecraft.planks":1,"stat.pickup.lycanitesmobs.geistliver":2,"stat.drop":23,"stat.pickup.minecraft.egg":3,"stat.playOneMinute":92545,"stat.mineBlock.minecraft.stone_pressure_plate":4,"stat.killEntity.Sheep":5,"stat.killEntity.Zombie":11,"stat.mineBlock.minecraft.tallgrass":305,"stat.diveOneCm":6084,"stat.pickup.minecraft.cooked_mutton":2,"stat.chestOpened":24,"stat.mineBlock.minecraft.mossy_cobblestone":2,"stat.pickup.minecraft.sign":1,"stat.drop.minecraft.wooden_pickaxe":1,"stat.pickup.minecraft.iron_sword":2,"stat.pickup.minecraft.stone_axe":1,"maka.kill":3,"stat.useItem.minecraft.apple":1,"geist.kill":1,"stat.jump":1198,"stat.useItem.minecraft.wooden_hoe":101,"stat.fallOneCm":25334,"stat.pickup.scalinghealth.crystalshard":1,"stat.useItem.minecraft.stone_axe":12,"stat.useItem.notreepunching.axe/flint":15,"stat.crouchOneCm":16648,"stat.mineBlock.minecraft.chest":1,"stat.drop.notreepunching.grass_string":1,"stat.pickup.minecraft.dirt":38,"stat.craftingTableInteraction":4,"stat.pickup.minecraft.iron_ore":3,"stat.drop.notreepunching.rock/marble":1,"stat.mineBlock.minecraft.leaves2":1,"stat.pickup.minecraft.wooden_pickaxe":2,"stat.damageTaken":936,"stat.pickup.minecraft.leather":7,"stat.pickup.notreepunching.rock/stone":69,"stat.pickup.lycanitesmobs.raw_maka_meat":3,"stat.mineBlock.minecraft.torch":4,"stat.mineBlock.minecraft.red_flower":2,"stat.useItem.minecraft.wooden_pickaxe":20,"stat.drop.minecraft.rabbit":1,"stat.drop.minecraft.water_bucket":1,"stat.pickup.minecraft.dye":1,"stat.pickup.minecraft.planks":102,"stat.pickup.minecraft.bed":2,"tombstone:undead_killed":12,"stat.pickup.minecraft.wheat_seeds":23,"stat.pickup.lycanitesmobs.faeboltcharge":1,"stat.mineBlock.minecraft.gravel":1,"stat.useItem.minecraft.stone_pickaxe":25,"stat.useItem.minecraft.stone_sword":76,"stat.damageDealt":4195,"stat.sleepInBed":5,"stat.mineBlock.minecraft.nether_brick_stairs":1,"stat.killEntity.Cow":3,"stat.mineBlock.minecraft.dirt":23,"stat.drop.notreepunching.axe/flint":1,"stat.drop.simpledifficulty.canteen":2,"stat.killEntity.Pig":2,"stat.walkOneCm":308673,"stat.useItem.minecraft.bread":1,"stat.pickup.minecraft.stick":24,"stat.drop.tombstone.crafting_ingredient":1,"stat.useItem.minecraft.log":22,"spriggan.kill":1,"stat.mineBlock.minecraft.double_plant":16,"stat.pickup.minecraft.log":46,"stat.pickup.notreepunching.grass_fiber":5,"stat.useItem.tombstone.gift":2,"stat.drop.minecraft.planks":37,"stat.pickup.minecraft.chicken":1,"stat.drop.minecraft.egg":4,"stat.pickup.minecraft.cooked_beef":4,"stat.pickup.notreepunching.flint_shard":2,"stat.killEntity.familiarfauna.butterfly":1,"stat.killEntity.Chicken":2,"stat.pickup.minecraft.stone_sword":1,"stat.mobKills":45,"stat.drop.notreepunching.rock/stone":1,"stat.pickup.lycanitesmobs.lifedraincharge":2,"stat.pickup.notreepunching.grass_string":1,"stat.pickup.minecraft.quartz":5,"stat.useItem.carryon.entity_item":15,"stat.pickup.simpledifficulty.canteen":2,"stat.craftItem.notreepunching.axe/flint":1,"stat.pickup.minecraft.torch":4,"stat.pickup.minecraft.red_flower":6,"stat.sneakTime":8018,"stat.pickup.minecraft.wool":4,"stat.pickup.minecraft.rabbit":1,"stat.drop.minecraft.beef":11,"stat.drop.minecraft.stone_axe":1,"stat.pickup.minecraft.yellow_flower":2,"stat.craftItem.notreepunching.knife/flint":1,"stat.mineBlock.minecraft.stone":17,"stat.craftItem.minecraft.cobblestone":8,"stat.pickup.minecraft.chest":1}