{"stats":{"minecraft:picked_up":{"minecraft:birch_log":6,"minecraft:crafting_table":1,"minecraft:dirt":6,"minecraft:rotten_flesh":3,"minecraft:kelp":139,"minecraft:stone_axe":1,"minecraft:wheat_seeds":5,"minecraft:stone_pickaxe":1,"minecraft:mutton":2,"minecraft:birch_sapling":3,"minecraft:cod":4,"minecraft:white_wool":1,"minecraft:cobblestone":29},"minecraft:used":{"minecraft:birch_planks":3,"minecraft:stone_pickaxe":23,"minecraft:birch_sapling":3,"minecraft:wooden_pickaxe":6,"minecraft:rotten_flesh":3,"minecraft:stone_axe":15,"minecraft:dirt":6,"minecraft:mutton":2,"minecraft:cod":4,"minecraft:kelp":2},"minecraft:dropped":{"minecraft:stone_axe":1,"minecraft:crafting_table":1,"minecraft:stone_pickaxe":1,"minecraft:wooden_pickaxe":1,"minecraft:stick":2},"minecraft:crafted":{"minecraft:stick":8,"minecraft:wooden_pickaxe":1,"minecraft:stone_pickaxe":1,"minecraft:birch_planks":24,"minecraft:stone_axe":1},"minecraft:killed":{"minecraft:sheep":1,"minecraft:zombie":3,"minecraft:cod":4},"minecraft:custom":{"minecraft:time_since_rest":17711,"minecraft:interact_with_furnace":1,"minecraft:sprint_one_cm":33845,"minecraft:walk_one_cm":16658,"minecraft:damage_taken":251,"minecraft:mob_kills":8,"minecraft:drop":5,"minecraft:damage_dealt":984,"minecraft:swim_one_cm":41627,"minecraft:interact_with_crafting_table":2,"minecraft:fly_one_cm":27143,"minecraft:crouch_one_cm":2445,"minecraft:play_time":17711,"minecraft:sneak_time":1291,"minecraft:walk_under_water_one_cm":6614,"minecraft:jump":162,"minecraft:time_since_death":17711,"minecraft:walk_on_water_one_cm":6281,"minecraft:total_world_time":17711,"minecraft:fall_one_cm":4091},"minecraft:mined":{"minecraft:birch_sapling":2,"minecraft:birch_planks":2,"minecraft:kelp_plant":24,"minecraft:birch_log":6,"minecraft:birch_leaves":2,"minecraft:crafting_table":1,"minecraft:short_grass":30,"minecraft:grass_block":4,"minecraft:dirt":3,"minecraft:stone":29,"minecraft:kelp":1}},"DataVersion":3953}