{"stats":{"minecraft:picked_up":{"minecraft:birch_log":27,"minecraft:stick":6,"minecraft:crafting_table":2,"minecraft:wooden_pickaxe":1,"minecraft:birch_planks":2,"minecraft:dirt":7,"minecraft:string":1,"minecraft:kelp":9,"minecraft:stone_pickaxe":1,"minecraft:birch_sapling":4,"minecraft:coal":1,"minecraft:cobblestone":21},"minecraft:used":{"minecraft:stone_sword":4,"minecraft:dried_kelp":5,"minecraft:stone_pickaxe":13,"minecraft:birch_sapling":1,"minecraft:wooden_pickaxe":10,"minecraft:stone_axe":8,"minecraft:dirt":6,"minecraft:crafting_table":3,"minecraft:furnace":1,"minecraft:birch_log":7},"minecraft:dropped":{"minecraft:dirt":1,"minecraft:stone_pickaxe":1},"minecraft:crafted":{"minecraft:crafting_table":1,"minecraft:dried_kelp":5,"minecraft:stone_pickaxe":1,"minecraft:stone_sword":1,"minecraft:furnace":1,"minecraft:birch_planks":52,"minecraft:stone_axe":1,"minecraft:air":0},"minecraft:killed":{"minecraft:spider":1},"minecraft:custom":{"minecraft:time_since_rest":24720,"minecraft:interact_with_furnace":6,"minecraft:sprint_one_cm":20689,"minecraft:damage_taken":183,"minecraft:walk_one_cm":26434,"minecraft:mob_kills":1,"minecraft:drop":2,"minecraft:damage_dealt":291,"minecraft:swim_one_cm":27136,"minecraft:interact_with_crafting_table":9,"minecraft:fly_one_cm":24196,"minecraft:crouch_one_cm":3671,"minecraft:play_time":24720,"minecraft:sneak_time":1531,"minecraft:walk_under_water_one_cm":2942,"minecraft:jump":139,"minecraft:leave_game":2,"minecraft:time_since_death":24720,"minecraft:walk_on_water_one_cm":2441,"minecraft:total_world_time":24720,"minecraft:fall_one_cm":1881},"minecraft:mined":{"minecraft:kelp_plant":1,"minecraft:birch_log":27,"minecraft:birch_leaves":1,"minecraft:crafting_table":1,"minecraft:grass_block":1,"minecraft:coal_ore":1,"minecraft:dirt":4,"minecraft:stone":21,"minecraft:kelp":1}},"DataVersion":3953}