{"stat.leaveGame":1,"stat.drop.minecraft.redstone":4,"stat.mineBlock.minecraft.sandstone":3,"stat.useItem.minecraft.planks":24,"stat.drop.minecraft.bowl":2,"stat.pickup.minecraft.porkchop":3,"stat.drop.minecraft.iron_sword":2,"stat.useItem.minecraft.water_bucket":1,"stat.pickup.minecraft.rotten_flesh":5,"stat.pickup.minecraft.sand":3,"stat.pickup.notreepunching.rock/sandstone":12,"stat.craftItem.minecraft.stone_axe":2,"stat.craftItem.spartanweaponry.spear_stone":1,"stat.craftItem.minecraft.stone_sword":1,"stat.drop.notreepunching.grass_fiber":5,"stat.mineBlock.minecraft.sand":1,"stat.drop.tombstone.gift":1,"stat.craftItem.minecraft.wooden_hoe":1,"stat.pickup.quark.tallow":1,"stat.mineBlock.charm.cake_strength":1,"stat.craftItem.minecraft.wooden_pickaxe":1,"stat.drop.minecraft.cooked_mutton":2,"stat.pickup.rustic.wildberries":2,"stat.pickup.minecraft.wooden_shovel":2,"stat.furnaceInteraction":24,"stat.craftItem.spartanweaponry.material":3,"stat.drop.lycanitesmobs.faeboltcharge":1,"stat.drop.lycanitesmobs.spectralboltcharge":1,"stat.pickup.minecraft.beef":11,"stat.useItem.minecraft.cooked_mutton":2,"stat.pickup.minecraft.furnace":5,"stat.pickup.lycanitesmobs.spectralboltcharge":2,"stat.pickup.minecraft.cauldron":1,"stat.useItem.minecraft.fence":2,"stat.pickup.tombstone.magic_scroll":1,"stat.drop.spartanweaponry.rapier_stone":1,"stat.pickup.tombstone.gift":1,"stat.pickup.minecraft.stone_stairs":6,"stat.mineBlock.minecraft.fence":1,"stat.craftItem.minecraft.fence_gate":1,"stat.pickup.dynamictrees.oakseed":1,"stat.useItem.spartanweaponry.spear_stone":71,"stat.deaths":1,"stat.pickup.minecraft.bowl":2,"stat.pickup.lycanitesmobs.geistliver":2,"stat.pickup.minecraft.egg":18,"stat.playOneMinute":107200,"stat.pickup.minecraft.item_frame":6,"stat.mineBlock.minecraft.tallgrass":116,"stat.craftItem.minecraft.cooked_mutton":4,"stat.pickup.minecraft.cooked_mutton":1,"stat.chestOpened":91,"stat.pickup.minecraft.iron_sword":2,"maka.kill":5,"stat.pickup.minecraft.gold_nugget":7,"stat.pickup.notreepunching.axe/flint":1,"stat.craftItem.minecraft.coal":3,"stat.useItem.rustic.wildberry_bush":1,"stat.fallOneCm":12647,"stat.drop.minecraft.stone_sword":1,"stat.crouchOneCm":45433,"stat.craftItem.minecraft.chest":4,"stat.craftItem.minecraft.iron_ingot":4,"stat.craftingTableInteraction":50,"stat.pickup.minecraft.repeater":3,"stat.pickup.minecraft.wooden_pickaxe":1,"sylph.kill":1,"stat.pickup.minecraft.feather":3,"stat.craftItem.spartanweaponry.rapier_stone":2,"stat.pickup.minecraft.planks":162,"stat.drop.lycanitesmobs.lifedraincharge":2,"stat.pickup.minecraft.wheat_seeds":39,"stat.mineBlock.minecraft.gravel":5,"stat.useItem.minecraft.stone_pickaxe":72,"stat.mineBlock.minecraft.glass":1,"stat.mineBlock.quark.lit_lamp":5,"stat.mineBlock.minecraft.dirt":32,"stat.useItem.minecraft.torch":3,"stat.pickup.minecraft.golden_apple":2,"stat.drop.tombstone.crafting_ingredient":2,"stat.craftItem.simpledifficulty.canteen":1,"stat.pickup.minecraft.crafting_table":3,"stat.useItem.minecraft.log":24,"stat.craftItem.minecraft.crafting_table":1,"stat.mineBlock.minecraft.double_plant":1,"stat.pickup.minecraft.log":51,"stat.drop.minecraft.sign":1,"stat.pickup.minecraft.compass":1,"stat.drop.minecraft.planks":6,"stat.craftItem.minecraft.bucket":1,"stat.drop.notreepunching.rock/stone":34,"stat.pickup.lycanitesmobs.lifedraincharge":3,"stat.mineBlock.minecraft.log":15,"stat.useItem.carryon.entity_item":12,"stat.pickup.simpledifficulty.canteen":2,"stat.pickup.minecraft.red_flower":3,"stat.sneakTime":13893,"stat.pickup.minecraft.wool":1,"stat.pickup.minecraft.rabbit":4,"stat.drop.minecraft.bucket":1,"stat.pickup.minecraft.stone_slab":4,"stat.mineBlock.minecraft.jukebox":1,"stat.craftItem.minecraft.cobblestone":12,"stat.drop.minecraft.stone_pickaxe":2,"stat.useItem.spartanweaponry.rapier_stone":20,"stat.pickup.minecraft.bone":3,"stat.pickup.minecraft.redstone_torch":1,"stat.pickup.minecraft.stone_pressure_plate":2,"stat.horseOneCm":60879,"stat.useItem.minecraft.log2":1,"stat.pickup.quark.lit_lamp":5,"stat.mineBlock.minecraft.pumpkin":1,"stat.mineBlock.minecraft.cobblestone":15,"stat.pickup.minecraft.stone_pickaxe":1,"stat.craftItem.minecraft.wool":2,"stat.swimOneCm":4355,"stat.climbOneCm":12895,"stat.pickup.foodexpansion.itemhorsemeat":2,"stat.useItem.minecraft.dirt":27,"stat.useItem.minecraft.stone_slab2":51,"stat.craftItem.minecraft.furnace":1,"stat.useItem.minecraft.red_flower":1,"stat.useItem.minecraft.egg":18,"stat.craftItem.minecraft.stone_pickaxe":2,"stat.craftItem.minecraft.cooked_beef":8,"stat.pickup.minecraft.cobblestone":27,"stat.flyOneCm":95909,"stat.useItem.minecraft.cooked_beef":2,"stat.craftItem.minecraft.wooden_slab":6,"stat.pickup.minecraft.redstone":9,"stat.timeSinceDeath":106728,"stat.drop.minecraft.log":21,"stat.useItem.minecraft.wooden_slab":1,"stat.pickup.minecraft.mutton":6,"stat.pickup.minecraft.mossy_cobblestone":6,"kobold.kill":1,"stat.talkedToVillager":2,"makaalpha.kill":1,"stat.pickup.tombstone.crafting_ingredient":7,"stat.craftItem.minecraft.stone_slab2":0,"stat.sprintOneCm":163983,"stat.drop.minecraft.leather":1,"stat.mineBlock.minecraft.stone_slab":2,"stat.useItem.carryon.tile_item":4,"stat.mineBlock.minecraft.crafting_table":3,"stat.pickup.minecraft.leather_leggings":1,"stat.mineBlock.minecraft.planks":27,"stat.drop":39,"stat.pickup.lycanitesmobs.immunizer":1,"stat.pickup.minecraft.jukebox":1,"stat.killEntity.Zombie":1,"stat.diveOneCm":2809,"stat.pickup.minecraft.wheat":15,"stat.mineBlock.minecraft.mossy_cobblestone":5,"stat.pickup.rustic.wildberry_bush":2,"stat.pickup.minecraft.sign":2,"stat.drop.minecraft.wooden_pickaxe":2,"stat.pickup.minecraft.gravel":5,"stat.drop.minecraft.cooked_beef":4,"stat.pickup.minecraft.stone_axe":1,"stat.pickup.roughtweaks.bandage":1,"stat.mineBlock.minecraft.deadbush":1,"stat.useItem.minecraft.porkchop":1,"stat.jump":827,"stat.pickup.minecraft.fence":1,"stat.pickup.minecraft.coal":1,"stat.pickup.scalinghealth.crystalshard":2,"stat.useItem.minecraft.stone_axe":48,"stat.useItem.notreepunching.axe/flint":1,"stat.drop.notreepunching.grass_string":1,"stat.pickup.minecraft.dirt":45,"stat.drop.minecraft.bed":1,"stat.pickup.minecraft.iron_ore":1,"reaper.kill":1,"stat.mineBlock.minecraft.glass_pane":3,"stat.mineBlock.minecraft.stone_stairs":6,"stat.damageTaken":1229,"stat.pickup.minecraft.leather":13,"stat.pickup.notreepunching.rock/stone":152,"stat.pickup.lycanitesmobs.raw_maka_meat":9,"stat.mineBlock.minecraft.furnace":5,"stat.mineBlock.minecraft.torch":2,"stat.useItem.minecraft.wooden_pickaxe":10,"stat.pickup.minecraft.bed":9,"tombstone:undead_killed":2,"stat.pickup.lycanitesmobs.faeboltcharge":1,"stat.damageDealt":2238,"stat.sleepInBed":5,"stat.killEntity.Cow":1,"stat.drop.scalinghealth.crystalshard":1,"stat.drop.simpledifficulty.canteen":2,"stat.killEntity.Pig":1,"stat.walkOneCm":421666,"stat.animalsBred":2,"stat.useItem.minecraft.chest":2,"stat.pickup.minecraft.stick":51,"stat.pickup.lycanitesmobs.aetherwavecharge":2,"stat.pickup.lycanitesmobs.quillcharge":5,"stat.pickup.notreepunching.grass_fiber":5,"stat.useItem.tombstone.gift":1,"stat.useItem.quark.lit_lamp":4,"stat.mineBlock.minecraft.redstone_torch":1,"stat.mobKills":10,"stat.pickup.notreepunching.grass_string":1,"stat.craftItem.minecraft.fence":3,"stat.pickup.minecraft.water_bucket":1,"stat.useItem.minecraft.mossy_cobblestone":2,"stat.pickup.minecraft.torch":7,"stat.drop.minecraft.stone_axe":1,"stat.mineBlock.minecraft.stone":40}